land_cost,total_cost,capex_ratio,units,sqm,cost_per_sqm,exit_value,holding_years,project_type,location,roi,irr
1486019.0,2982151.0,2.007,16,3743.2,796.7,22069973.0,7,Comercial,Bella Vista,6.4007,0.35
3341300.0,7804512.0,2.336,11,730.6,10683.0,4393128.0,5,Hotel/Boutique,San Francisco,-0.4371,0.02
2637020.0,5355872.0,2.031,33,3324.6,1611.0,20929078.0,6,Comercial,Bella Vista,2.9077,0.35
2207680.0,3899001.0,1.766,15,1708.3,2282.4,5946343.0,6,Hotel/Boutique,Santa Ana,0.5251,0.1098
782380.0,1456719.0,1.862,37,3548.5,410.5,15870589.0,6,Residencial,Santa Ana,9.8947,0.35
782302.0,2254858.0,2.882,10,3511.8,642.1,12061013.0,6,Mixto,Casco Antiguo,4.3489,0.35
467029.0,989635.0,2.119,19,3281.9,301.5,12785120.0,6,Residencial,Casco Antiguo,11.919,0.35
3069087.0,7957559.0,2.593,36,3223.1,2468.9,12753557.0,7,Hotel/Boutique,Santa Ana,0.6027,0.1209
2215590.0,6669485.0,3.01,15,1427.3,4672.8,6776958.0,5,Hotel/Boutique,Bella Vista,0.0161,0.0477
2559994.0,9142210.0,3.571,27,599.4,15252.2,2449307.0,6,Hotel/Boutique,Santa Ana,-0.7321,0.02
346282.0,560262.0,1.618,30,1791.0,312.8,6328105.0,4,Comercial,Casco Antiguo,10.2949,0.35
3403110.0,13266108.0,3.898,38,942.0,14082.3,3535216.0,4,Mixto,Santa Ana,-0.7335,0.02
2960465.0,10017330.0,3.384,38,2871.3,3488.8,10583709.0,5,Mixto,Santa Ana,0.0565,0.022
963732.0,1681979.0,1.745,33,1580.6,1064.2,10133270.0,3,Hotel/Boutique,Bella Vista,5.0246,0.35
865476.0,3566400.0,4.121,8,3909.8,912.2,22307769.0,3,Hotel/Boutique,San Francisco,5.255,0.35
870563.0,3710875.0,4.263,21,2671.6,1389.0,17081155.0,3,Comercial,Casco Antiguo,3.603,0.35
1259660.0,2120302.0,1.683,39,3343.2,634.2,15549601.0,4,Residencial,Bella Vista,6.3337,0.35
1969716.0,4590684.0,2.331,17,790.3,5808.5,3255112.0,3,Residencial,Santa Ana,-0.2909,0.02
1670863.0,6547450.0,3.919,43,3489.5,1876.4,20358755.0,7,Mixto,Santa Ana,2.1094,0.3082
1217758.0,4560234.0,3.745,19,3714.2,1227.8,15884295.0,6,Comercial,San Francisco,2.4832,0.35
2250166.0,4620858.0,2.054,33,2102.1,2198.2,8803643.0,4,Hotel/Boutique,Casco Antiguo,0.9052,0.2873
729170.0,1551709.0,2.128,33,2543.1,610.2,10089306.0,5,Mixto,Casco Antiguo,5.5021,0.35
1220706.0,3187771.0,2.611,15,3129.8,1018.5,11354715.0,5,Comercial,Miraflores,2.562,0.35
1459685.0,4311281.0,2.954,36,946.9,4553.0,3831480.0,6,Residencial,Casco Antiguo,-0.1113,0.02
1748545.0,5865958.0,3.355,6,2159.5,2716.4,9442509.0,4,Comercial,San Francisco,0.6097,0.1492
2808267.0,7320423.0,2.607,18,1775.1,4124.1,9628210.0,3,Residencial,Miraflores,0.3153,0.1085
922950.0,2665113.0,2.888,24,841.6,3166.8,2866825.0,3,Comercial,Miraflores,0.0757,0.0652
1935835.0,7244693.0,3.742,26,1659.9,4364.6,6464679.0,7,Mixto,Santa Ana,-0.1077,0.02
2187575.0,3522104.0,1.61,15,552.2,6377.9,3241512.0,7,Residencial,Santa Ana,-0.0797,0.02
429570.0,969674.0,2.257,31,395.5,2451.7,1457370.0,3,Mixto,Casco Antiguo,0.5029,0.1937
2236294.0,8140221.0,3.64,7,800.1,10173.8,3465082.0,5,Mixto,Miraflores,-0.5743,0.02
829088.0,3470246.0,4.186,21,3863.5,898.2,23387369.0,5,Residencial,Santa Ana,5.7394,0.35
489466.0,1485546.0,3.035,32,2333.3,636.7,8659317.0,7,Residencial,San Francisco,4.829,0.35
3335411.0,10327569.0,3.096,33,3873.5,2666.2,13452934.0,6,Hotel/Boutique,Santa Ana,0.3026,0.0612
3389335.0,6173728.0,1.822,25,1900.2,3248.9,9119215.0,3,Hotel/Boutique,Santa Ana,0.4771,0.1936
2883039.0,8194282.0,2.842,20,1453.7,5636.8,6102693.0,7,Hotel/Boutique,Miraflores,-0.2552,0.0323
1260856.0,3905946.0,3.098,41,2172.7,1797.7,10992353.0,7,Mixto,Miraflores,1.8143,0.2659
594504.0,1324206.0,2.227,24,1926.2,687.5,11273154.0,3,Mixto,Bella Vista,7.5131,0.35
2483230.0,5730624.0,2.308,10,691.0,8293.7,2523791.0,3,Hotel/Boutique,San Francisco,-0.5596,0.02
1697291.0,4467020.0,2.632,23,2671.1,1672.4,13665949.0,5,Mixto,Miraflores,2.0593,0.35
672963.0,1049966.0,1.56,9,1099.3,955.1,5351790.0,6,Mixto,Casco Antiguo,4.0971,0.35
1874470.0,4622887.0,2.466,7,2592.5,1783.2,9528540.0,6,Residencial,San Francisco,1.0612,0.1632
390731.0,833954.0,2.134,5,2705.7,308.2,14230036.0,3,Residencial,San Francisco,16.0633,0.35
3208012.0,7963864.0,2.482,42,862.5,9233.6,3538816.0,4,Mixto,Miraflores,-0.5556,0.02
1113272.0,2069891.0,1.859,19,527.0,3927.7,2534762.0,7,Hotel/Boutique,San Francisco,0.2246,0.0617
2413322.0,10067369.0,4.172,38,3188.8,3157.1,11069977.0,7,Comercial,Miraflores,0.0996,0.025
1283710.0,4211566.0,3.281,39,2001.3,2104.5,9439205.0,3,Hotel/Boutique,Santa Ana,1.2413,0.35
1954619.0,6914087.0,3.537,29,515.2,13420.0,2169702.0,4,Comercial,Bella Vista,-0.6862,0.02
2040407.0,7891302.0,3.868,28,3981.0,1982.2,23543100.0,5,Hotel/Boutique,Santa Ana,1.9834,0.35
875231.0,2621604.0,2.995,16,513.8,5102.5,1740729.0,3,Residencial,Miraflores,-0.336,0.02
3402063.0,5990219.0,1.761,22,2871.6,2086.0,13156099.0,3,Mixto,Miraflores,1.1963,0.35
2775928.0,8636798.0,3.111,19,3939.6,2192.3,18566697.0,7,Mixto,Santa Ana,1.1497,0.1349
3305187.0,10776638.0,3.261,20,1185.0,9094.5,6626948.0,3,Residencial,Casco Antiguo,-0.3851,0.02
3161344.0,11811788.0,3.736,31,826.3,14294.4,4210237.0,3,Comercial,Casco Antiguo,-0.6436,0.02
2205238.0,6163593.0,2.795,12,749.1,8227.7,4046620.0,3,Comercial,Casco Antiguo,-0.3435,0.02
3248435.0,6115962.0,1.883,29,1422.1,4300.6,8197462.0,7,Comercial,Miraflores,0.3403,0.0676
564946.0,1328373.0,2.351,21,673.9,1971.3,4073723.0,5,Residencial,San Francisco,2.0667,0.35
911065.0,2358972.0,2.589,33,2861.0,824.5,12118580.0,5,Comercial,Miraflores,4.1372,0.35
425632.0,1463217.0,3.438,12,530.5,2758.3,2639388.0,3,Residencial,San Francisco,0.8038,0.2814
1327564.0,4264579.0,3.212,19,2184.9,1951.9,13048774.0,7,Hotel/Boutique,Santa Ana,2.0598,0.3191
1531541.0,3933441.0,2.568,31,3987.8,986.4,25781740.0,5,Hotel/Boutique,Bella Vista,5.5545,0.35
1153744.0,5145174.0,4.46,11,3311.7,1553.6,20318588.0,5,Residencial,San Francisco,2.9491,0.35
2948535.0,9781247.0,3.317,7,2576.3,3796.6,11402349.0,5,Mixto,Casco Antiguo,0.1657,0.0466
1428746.0,3159929.0,2.212,33,1433.1,2204.9,5509055.0,7,Hotel/Boutique,Miraflores,0.7434,0.1548
1184609.0,2138631.0,1.805,28,2608.4,819.9,12559504.0,7,Comercial,Santa Ana,4.8727,0.35
2027481.0,3970979.0,1.959,7,2250.1,1764.8,12706989.0,3,Residencial,Casco Antiguo,2.2,0.35
733776.0,1642098.0,2.238,24,1876.5,875.1,9055050.0,6,Comercial,Santa Ana,4.5143,0.35
2863074.0,5674740.0,1.982,19,783.6,7241.6,3757104.0,5,Comercial,Bella Vista,-0.3379,0.02
520053.0,1071154.0,2.06,29,3580.4,299.2,21361453.0,6,Mixto,Miraflores,18.9425,0.35
3457776.0,8144050.0,2.355,34,1964.2,4146.2,8628023.0,7,Comercial,Miraflores,0.0594,0.0349
2766628.0,5588923.0,2.02,18,1020.1,5478.8,6158692.0,7,Mixto,Bella Vista,0.1019,0.02
919864.0,3854505.0,4.19,11,1660.7,2321.0,7543700.0,7,Hotel/Boutique,Miraflores,0.9571,0.1496
297781.0,518348.0,1.741,21,1832.3,282.9,7847966.0,6,Residencial,San Francisco,14.1403,0.35
2905786.0,8931032.0,3.074,24,3361.9,2656.6,15794721.0,7,Comercial,Santa Ana,0.7685,0.1056
2556081.0,6981143.0,2.731,40,3014.4,2316.0,17230383.0,3,Residencial,Casco Antiguo,1.4681,0.35
2627403.0,11684418.0,4.447,13,3146.4,3713.6,11376876.0,7,Comercial,Bella Vista,-0.0263,0.02
2763491.0,5074091.0,1.836,42,340.8,14888.1,1311521.0,4,Residencial,San Francisco,-0.7415,0.02
518424.0,1396409.0,2.694,26,1839.8,759.0,11663714.0,6,Comercial,Casco Antiguo,7.3526,0.35
1434260.0,6322806.0,4.408,6,2081.0,3038.4,7864253.0,4,Comercial,Casco Antiguo,0.2438,0.0855
653098.0,2675431.0,4.097,28,371.0,7211.2,1882327.0,7,Comercial,Bella Vista,-0.2964,0.02
3059193.0,12087533.0,3.951,12,1261.3,9583.3,6447480.0,3,Comercial,San Francisco,-0.4666,0.02
2287020.0,5200017.0,2.274,15,3113.1,1670.4,14991812.0,5,Comercial,Casco Antiguo,1.883,0.35
1345492.0,2708021.0,2.013,17,807.3,3354.4,4301051.0,7,Comercial,Casco Antiguo,0.5883,0.1054
484658.0,1699176.0,3.506,21,2280.6,745.0,9027779.0,3,Comercial,San Francisco,4.313,0.35
1281363.0,5494649.0,4.288,12,1096.2,5012.2,5507309.0,6,Comercial,Miraflores,0.0023,0.02
1327090.0,4207259.0,3.17,25,344.8,12200.4,1527041.0,4,Comercial,Casco Antiguo,-0.637,0.02
2629332.0,8452876.0,3.215,22,1192.4,7088.7,6419532.0,4,Residencial,Santa Ana,-0.2406,0.02
2332935.0,5458922.0,2.34,34,3910.7,1395.9,14336894.0,4,Mixto,San Francisco,1.6263,0.35
3136825.0,11946532.0,3.808,22,3265.7,3658.2,16602413.0,6,Comercial,Casco Antiguo,0.3897,0.0725
1800532.0,3711133.0,2.061,35,3850.4,963.8,14675512.0,3,Mixto,Bella Vista,2.9545,0.35
665093.0,1643471.0,2.471,42,2105.1,780.7,8671841.0,6,Comercial,Santa Ana,4.2765,0.35
2576648.0,7153572.0,2.776,36,706.0,10132.2,2768844.0,4,Comercial,Casco Antiguo,-0.6129,0.02
2729728.0,8251506.0,3.023,15,2327.5,3545.3,8852142.0,7,Residencial,Santa Ana,0.0728,0.02
2087313.0,4648924.0,2.227,29,1981.2,2346.5,11738282.0,5,Hotel/Boutique,Santa Ana,1.5249,0.3134
2762514.0,5095487.0,1.845,37,3424.1,1488.1,14185569.0,6,Hotel/Boutique,Miraflores,1.7839,0.3022
1870022.0,6230651.0,3.332,42,662.9,9399.0,4149463.0,6,Residencial,Santa Ana,-0.334,0.02
1963200.0,4644718.0,2.366,12,2106.5,2205.0,13483146.0,3,Mixto,Miraflores,1.9029,0.35
1656682.0,5373804.0,3.244,15,855.2,6283.8,4348727.0,3,Hotel/Boutique,San Francisco,-0.1908,0.02
361850.0,710343.0,1.963,26,1501.3,473.2,5512632.0,6,Residencial,Miraflores,6.7605,0.35
627410.0,1846732.0,2.943,28,3028.2,609.8,13433217.0,4,Residencial,Bella Vista,6.274,0.35
381202.0,1180875.0,3.098,21,2061.3,572.9,12022374.0,5,Hotel/Boutique,Casco Antiguo,9.1809,0.35
2329242.0,3855991.0,1.655,16,1690.8,2280.6,7460409.0,3,Mixto,San Francisco,0.9348,0.3057
1292226.0,3243246.0,2.51,36,1759.6,1843.2,6135869.0,4,Residencial,San Francisco,0.8919,0.2393
1917598.0,3649656.0,1.903,19,2000.0,1824.9,10074544.0,7,Comercial,Bella Vista,1.7604,0.2576
3202364.0,5412395.0,1.69,20,3204.6,1689.0,19191793.0,3,Mixto,Miraflores,2.5459,0.35
1082721.0,4839634.0,4.47,26,3600.7,1344.1,20979762.0,4,Mixto,Casco Antiguo,3.335,0.35
1601433.0,3950834.0,2.467,32,3834.7,1030.3,14487282.0,4,Hotel/Boutique,Miraflores,2.6669,0.35
2712875.0,10660576.0,3.93,24,3211.5,3319.5,17406956.0,5,Hotel/Boutique,Santa Ana,0.6328,0.1204
1016730.0,2301798.0,2.264,37,1467.0,1569.0,5761905.0,5,Comercial,Miraflores,1.5032,0.3212
527875.0,1871058.0,3.545,14,2846.1,657.4,11156947.0,7,Residencial,San Francisco,4.9629,0.35
1213000.0,4585968.0,3.781,44,1919.1,2389.6,11676835.0,4,Hotel/Boutique,Casco Antiguo,1.5462,0.35
799133.0,2626682.0,3.287,36,1242.3,2114.4,4998825.0,4,Hotel/Boutique,Miraflores,0.9031,0.2421
3273626.0,9541732.0,2.915,37,3411.2,2797.2,13879306.0,5,Mixto,Casco Antiguo,0.4546,0.0888
2882148.0,7884180.0,2.736,6,442.2,17830.4,1415921.0,3,Hotel/Boutique,Casco Antiguo,-0.8204,0.02
2319560.0,5907003.0,2.547,37,3636.5,1624.4,22085338.0,3,Hotel/Boutique,Santa Ana,2.7388,0.35
3086103.0,13235023.0,4.289,37,2007.5,6592.9,11674548.0,6,Hotel/Boutique,Santa Ana,-0.1179,0.02
2867824.0,11447947.0,3.992,17,2657.6,4307.6,14006285.0,5,Hotel/Boutique,San Francisco,0.2235,0.0438
880756.0,3870992.0,4.395,34,2739.6,1413.0,15549687.0,6,Mixto,Bella Vista,3.017,0.35
3154040.0,5907175.0,1.873,37,3611.9,1635.5,13370520.0,5,Comercial,Casco Antiguo,1.2634,0.2845
2016682.0,7446805.0,3.693,17,2655.7,2804.1,12514796.0,7,Comercial,Bella Vista,0.6806,0.1121
2879957.0,12427077.0,4.315,30,2571.6,4832.5,11209467.0,4,Residencial,San Francisco,-0.098,0.02
3165414.0,6469154.0,2.044,26,546.6,11835.0,1918316.0,7,Hotel/Boutique,Casco Antiguo,-0.7035,0.02
1303971.0,2216084.0,1.699,43,2218.1,999.1,10656310.0,5,Mixto,Casco Antiguo,3.8086,0.35
634367.0,2361979.0,3.723,6,855.6,2760.5,5337768.0,4,Residencial,Bella Vista,1.2599,0.2835
1013951.0,3268390.0,3.223,42,3028.5,1079.2,10091569.0,3,Residencial,Miraflores,2.0876,0.35
1655287.0,6663336.0,4.025,43,2195.2,3035.4,9136117.0,3,Comercial,Santa Ana,0.3711,0.1292
2914008.0,5592905.0,1.919,30,2816.8,1985.5,10943111.0,6,Mixto,Miraflores,0.9566,0.2107
3051552.0,11857729.0,3.886,19,454.2,26107.4,1810348.0,5,Mixto,Bella Vista,-0.8473,0.02
302386.0,636487.0,2.105,38,613.7,1037.1,3803800.0,5,Mixto,Santa Ana,4.9762,0.35
1924606.0,3831829.0,1.991,44,2950.4,1298.8,13998534.0,3,Comercial,Miraflores,2.6532,0.35
1624063.0,3236429.0,1.993,15,566.7,5710.9,2685528.0,7,Comercial,Santa Ana,-0.1702,0.02
995187.0,3924744.0,3.944,7,563.6,6963.1,3218384.0,4,Comercial,Casco Antiguo,-0.18,0.02
665966.0,2327947.0,3.496,10,344.8,6751.6,1279152.0,7,Comercial,Miraflores,-0.4505,0.02
1367121.0,4195962.0,3.069,13,3839.1,1093.0,18458084.0,7,Comercial,Santa Ana,3.399,0.35
3316169.0,8544082.0,2.576,10,3028.8,2821.0,13989791.0,3,Hotel/Boutique,Santa Ana,0.6374,0.2192
1320713.0,5456662.0,4.132,13,1607.0,3395.5,8308033.0,3,Hotel/Boutique,Santa Ana,0.5225,0.1913
1950506.0,5222158.0,2.677,43,1397.2,3737.6,9079641.0,3,Mixto,Miraflores,0.7387,0.256
2543721.0,10047185.0,3.95,35,1593.9,6303.5,9147692.0,6,Residencial,San Francisco,-0.0895,0.02
1450887.0,4087737.0,2.817,36,3166.2,1291.0,14289005.0,7,Mixto,Miraflores,2.4956,0.35
3409138.0,8968875.0,2.631,16,2747.1,3264.9,16292674.0,5,Residencial,Bella Vista,0.8166,0.1561
3379080.0,9758917.0,2.888,12,985.2,9905.3,3707729.0,4,Comercial,Miraflores,-0.6201,0.02
1090739.0,2622282.0,2.404,12,944.2,2777.2,3116376.0,6,Residencial,Santa Ana,0.1884,0.036
1881140.0,7040784.0,3.743,32,664.1,10602.6,2573035.0,5,Mixto,Casco Antiguo,-0.6346,0.02
1248828.0,3756676.0,3.008,24,2743.1,1369.5,11859490.0,7,Mixto,Miraflores,2.1569,0.3349
1197186.0,2629785.0,2.197,11,3128.2,840.7,15280892.0,3,Residencial,Miraflores,4.8107,0.35
398776.0,1674350.0,4.199,15,1280.7,1307.4,6697819.0,7,Hotel/Boutique,Santa Ana,3.0002,0.35
2242797.0,5947166.0,2.652,24,377.5,15754.2,2342364.0,4,Comercial,Casco Antiguo,-0.6061,0.02
1898626.0,5943951.0,3.131,20,604.0,9840.4,2949213.0,6,Comercial,Casco Antiguo,-0.5038,0.02
445762.0,1880854.0,4.219,8,3881.1,484.6,18839586.0,6,Mixto,Bella Vista,9.0165,0.35
1177242.0,3970499.0,3.373,10,1393.1,2850.0,4689052.0,4,Hotel/Boutique,Miraflores,0.181,0.0617
3204616.0,5930764.0,1.851,26,3146.1,1885.1,10430061.0,5,Residencial,Casco Antiguo,0.7586,0.1636
1051389.0,4541472.0,4.319,30,2611.3,1739.2,13105440.0,5,Comercial,Casco Antiguo,1.8857,0.35
746561.0,2525710.0,3.383,7,1713.2,1474.3,7959401.0,6,Hotel/Boutique,San Francisco,2.1514,0.35
1856038.0,4648849.0,2.505,18,1061.0,4381.4,6333678.0,6,Comercial,San Francisco,0.3624,0.078
3453794.0,6623743.0,1.918,15,749.1,8841.9,2794436.0,3,Hotel/Boutique,Casco Antiguo,-0.5781,0.02
1059418.0,4112741.0,3.882,22,2575.5,1596.8,8453995.0,5,Hotel/Boutique,Bella Vista,1.0556,0.2248
2444276.0,8213302.0,3.36,16,3166.1,2594.1,14823346.0,4,Mixto,Casco Antiguo,0.8048,0.2136
2732415.0,8471534.0,3.1,27,2682.4,3158.1,10686003.0,5,Comercial,Santa Ana,0.2614,0.045
1045193.0,4370660.0,4.182,16,2262.1,1932.1,7609148.0,3,Residencial,Miraflores,0.741,0.25
2624857.0,10147149.0,3.866,17,455.2,22290.7,2545212.0,6,Mixto,Bella Vista,-0.7492,0.02
1464262.0,2862668.0,1.955,29,3883.4,737.2,13856999.0,6,Mixto,Santa Ana,3.8406,0.35
2316025.0,5639905.0,2.435,23,3255.2,1732.6,16951527.0,3,Residencial,Bella Vista,2.0056,0.35
2319966.0,5209407.0,2.245,40,1383.4,3765.5,5710105.0,4,Mixto,Santa Ana,0.0961,0.0345
2005194.0,7483063.0,3.732,12,3925.9,1906.1,14810566.0,6,Hotel/Boutique,Miraflores,0.9792,0.1711
570733.0,913514.0,1.601,33,2527.0,361.5,11253016.0,7,Hotel/Boutique,Miraflores,11.3184,0.35
2969674.0,9531671.0,3.21,36,2455.0,3882.6,14348702.0,6,Comercial,San Francisco,0.5054,0.0862
1312912.0,4972491.0,3.787,22,3067.9,1620.8,13786731.0,7,Comercial,Santa Ana,1.7726,0.2924
880590.0,3637097.0,4.13,10,3303.5,1101.0,18756027.0,3,Residencial,San Francisco,4.1569,0.35
411296.0,1039034.0,2.526,22,2729.0,380.7,9862787.0,3,Comercial,Santa Ana,8.4923,0.35
2182675.0,8651627.0,3.964,23,774.0,11178.5,4450350.0,6,Hotel/Boutique,San Francisco,-0.4856,0.02
2461757.0,4509681.0,1.832,26,1551.6,2906.5,6178244.0,5,Residencial,Miraflores,0.37,0.1
333413.0,1346773.0,4.039,41,3733.9,360.7,20295282.0,7,Residencial,Bella Vista,14.0696,0.35
1928940.0,3631163.0,1.882,36,1131.1,3210.4,5731261.0,4,Comercial,San Francisco,0.5784,0.1557
1009316.0,2716940.0,2.692,7,1677.0,1620.1,10508492.0,6,Hotel/Boutique,Santa Ana,2.8678,0.35
2357456.0,9174952.0,3.892,32,1898.7,4832.3,8502621.0,4,Residencial,Santa Ana,-0.0733,0.02
841460.0,1640638.0,1.95,14,1925.8,851.9,6583044.0,6,Hotel/Boutique,Miraflores,3.0125,0.35
2504820.0,5479929.0,2.188,39,2567.9,2134.0,8379528.0,5,Hotel/Boutique,Santa Ana,0.5291,0.1094
1525288.0,5592861.0,3.667,33,3789.4,1475.9,22465848.0,5,Hotel/Boutique,Casco Antiguo,3.0169,0.35
3296271.0,12064712.0,3.66,19,1190.6,10133.6,5871414.0,5,Comercial,Bella Vista,-0.5133,0.02
722817.0,2474524.0,3.423,37,749.6,3301.3,4316167.0,5,Mixto,San Francisco,0.7442,0.1376
1378234.0,4936620.0,3.582,11,1030.6,4789.9,4095359.0,3,Mixto,Bella Vista,-0.1704,0.02
645385.0,2018875.0,3.128,16,3581.6,563.7,15539857.0,3,Residencial,Miraflores,6.6973,0.35
3257513.0,7346987.0,2.255,34,2689.5,2731.7,8873582.0,7,Hotel/Boutique,San Francisco,0.2078,0.0522
3105033.0,7877741.0,2.537,25,1357.9,5801.6,8653508.0,4,Comercial,San Francisco,0.0985,0.02
1110572.0,2270890.0,2.045,35,3319.0,684.2,17935777.0,6,Hotel/Boutique,Casco Antiguo,6.8981,0.35
2405149.0,10162599.0,4.225,28,3487.1,2914.4,21897317.0,6,Hotel/Boutique,Miraflores,1.1547,0.2268
2911455.0,9462741.0,3.25,24,3432.1,2757.1,13989726.0,3,Comercial,Santa Ana,0.4784,0.1806
2067747.0,5588197.0,2.703,41,3700.0,1510.3,19306118.0,6,Mixto,Casco Antiguo,2.4548,0.35
1985475.0,5730115.0,2.886,8,1233.3,4646.2,6707935.0,3,Hotel/Boutique,Casco Antiguo,0.1706,0.1128
1058764.0,4596996.0,4.342,32,3093.7,1485.9,13141581.0,7,Hotel/Boutique,Bella Vista,1.8587,0.274
579791.0,1136422.0,1.96,24,2004.0,567.1,12021493.0,4,Mixto,Bella Vista,9.5784,0.35
3169035.0,10326900.0,3.259,28,3415.4,3023.6,21604532.0,7,Comercial,Bella Vista,1.0921,0.1685
3179346.0,9594205.0,3.018,36,2995.4,3203.0,18332008.0,5,Residencial,Casco Antiguo,0.9107,0.1652
2318587.0,7731009.0,3.334,40,3172.9,2436.6,17891482.0,5,Mixto,Santa Ana,1.3142,0.2824
1371676.0,2132038.0,1.554,38,2727.8,781.6,11226620.0,5,Residencial,San Francisco,4.2657,0.35
1404455.0,5781258.0,4.116,40,956.5,6044.3,3949651.0,7,Residencial,Bella Vista,-0.3168,0.02
2617577.0,11246041.0,4.296,6,2316.6,4854.5,14777795.0,6,Mixto,Santa Ana,0.314,0.02
3168695.0,10125247.0,3.195,19,3943.3,2567.7,12752320.0,4,Hotel/Boutique,Miraflores,0.2595,0.0969
3136418.0,11259593.0,3.59,38,3768.3,2987.9,20963120.0,5,Residencial,Bella Vista,0.8618,0.1702
2791199.0,11911438.0,4.267,40,459.7,25908.9,2542659.0,5,Residencial,San Francisco,-0.7865,0.02
2347342.0,8501405.0,3.622,10,909.8,9344.1,4780964.0,5,Comercial,Miraflores,-0.4376,0.02
550931.0,1078511.0,1.958,43,787.4,1369.7,5092376.0,4,Hotel/Boutique,Miraflores,3.7217,0.35
800444.0,2584527.0,3.229,16,2986.1,865.5,12628929.0,5,Residencial,San Francisco,3.8864,0.35
3173344.0,10535964.0,3.32,7,3325.8,3167.9,14373824.0,4,Comercial,Bella Vista,0.3643,0.0965
2232702.0,6189924.0,2.772,22,1090.0,5678.9,3771918.0,5,Hotel/Boutique,Casco Antiguo,-0.3906,0.02
309615.0,1148463.0,3.709,44,2171.7,528.8,10122592.0,7,Mixto,San Francisco,7.814,0.35
606738.0,2610857.0,4.303,25,3410.6,765.5,13852021.0,7,Mixto,San Francisco,4.3055,0.35
2416476.0,10334555.0,4.277,19,3011.4,3431.8,13048778.0,4,Comercial,San Francisco,0.2626,0.0633
296298.0,845196.0,2.853,37,2306.3,366.5,13731778.0,7,Mixto,Miraflores,15.2469,0.35
797802.0,1467727.0,1.84,39,2484.3,590.8,15618955.0,4,Residencial,Santa Ana,9.6416,0.35
2046923.0,9118066.0,4.455,30,2180.9,4180.8,8315725.0,7,Hotel/Boutique,Casco Antiguo,-0.088,0.02
2507903.0,10073478.0,4.017,12,1400.9,7190.6,6205107.0,7,Residencial,Bella Vista,-0.384,0.02
2379315.0,4458808.0,1.874,40,2390.6,1865.2,14975751.0,4,Residencial,Bella Vista,2.3587,0.35
1002147.0,4271678.0,4.263,34,2848.9,1499.4,9697481.0,6,Mixto,Santa Ana,1.2702,0.1601
2573217.0,10575122.0,4.11,27,3531.3,2994.7,12376446.0,7,Residencial,San Francisco,0.1703,0.02
1043942.0,3190824.0,3.057,18,2654.3,1202.1,9919595.0,5,Mixto,Casco Antiguo,2.1088,0.35
1327787.0,4346944.0,3.274,18,3116.1,1395.0,16092428.0,6,Hotel/Boutique,Bella Vista,2.702,0.35
2683702.0,7237967.0,2.697,6,892.3,8111.9,3298310.0,4,Hotel/Boutique,Bella Vista,-0.5443,0.02
2371818.0,3947381.0,1.664,41,2007.8,1966.1,12838944.0,6,Residencial,San Francisco,2.2525,0.35
3014499.0,7553105.0,2.506,9,334.5,22578.5,1563632.0,3,Comercial,Santa Ana,-0.793,0.02
2397514.0,9370826.0,3.909,42,1212.7,7727.2,5887727.0,3,Mixto,Casco Antiguo,-0.3717,0.02
2109954.0,3194251.0,1.514,18,2987.9,1069.1,11993385.0,7,Mixto,Santa Ana,2.7547,0.35
581633.0,1454371.0,2.5,43,3969.7,366.4,18872609.0,7,Residencial,Santa Ana,11.9765,0.35
1464045.0,3944878.0,2.695,29,667.0,5914.7,3591117.0,5,Mixto,Casco Antiguo,-0.0897,0.02
1133952.0,3529069.0,3.112,24,1785.5,1976.5,10139813.0,6,Mixto,Casco Antiguo,1.8732,0.3355
1065647.0,4539193.0,4.26,6,3260.3,1392.3,18543606.0,3,Comercial,Bella Vista,3.0852,0.35
3413094.0,8665975.0,2.539,43,1054.9,8214.7,5387580.0,7,Comercial,Bella Vista,-0.3783,0.02
1545775.0,3927596.0,2.541,10,2353.8,1668.6,14556899.0,6,Residencial,Casco Antiguo,2.7063,0.35
3152390.0,11703259.0,3.713,21,3012.4,3885.1,17765253.0,7,Comercial,Miraflores,0.518,0.077
2312266.0,6605345.0,2.857,29,2579.1,2561.1,14696642.0,7,Residencial,Bella Vista,1.225,0.1745
2839292.0,6172095.0,2.174,32,995.7,6198.8,3368920.0,3,Hotel/Boutique,Miraflores,-0.4542,0.02
1898491.0,5424595.0,2.857,6,1614.9,3359.0,5204408.0,3,Residencial,Casco Antiguo,-0.0406,0.02
2137631.0,4109747.0,1.923,39,3200.0,1284.3,12483559.0,7,Hotel/Boutique,Bella Vista,2.0375,0.3205
1865907.0,3786226.0,2.029,41,2350.6,1610.7,12669065.0,4,Residencial,Santa Ana,2.3461,0.35
908682.0,2721598.0,2.995,9,319.3,8522.3,1455261.0,7,Mixto,Casco Antiguo,-0.4653,0.02
2606296.0,7184975.0,2.757,5,3115.7,2306.1,14107550.0,7,Comercial,San Francisco,0.9635,0.1354
1184087.0,5025902.0,4.245,44,430.7,11670.4,2635219.0,5,Hotel/Boutique,Miraflores,-0.4757,0.02
358297.0,926981.0,2.587,16,3059.2,303.0,18830562.0,5,Residencial,Casco Antiguo,19.3139,0.35
2358421.0,7645446.0,3.242,40,1049.2,7287.1,6505196.0,5,Comercial,Casco Antiguo,-0.1491,0.02
850296.0,2888281.0,3.397,27,3844.9,751.2,16286099.0,4,Residencial,Bella Vista,4.6387,0.35
3308277.0,5092375.0,1.539,35,1661.4,3065.1,9105171.0,4,Comercial,Bella Vista,0.788,0.1751
3351650.0,11699310.0,3.491,15,1509.6,7749.7,6184102.0,7,Comercial,Bella Vista,-0.4714,0.02
3225863.0,6561754.0,2.034,14,850.9,7711.7,3258052.0,5,Residencial,San Francisco,-0.5035,0.02
1471911.0,6451696.0,4.383,7,1430.7,4509.4,5450083.0,4,Hotel/Boutique,Bella Vista,-0.1552,0.02
329770.0,641729.0,1.946,18,3543.6,181.1,15340119.0,3,Hotel/Boutique,Casco Antiguo,22.9044,0.35
3269186.0,8970229.0,2.744,20,3986.4,2250.2,18412795.0,7,Mixto,Bella Vista,1.0527,0.1654
1658753.0,2912851.0,1.756,14,1662.7,1751.8,9880252.0,6,Comercial,Santa Ana,2.392,0.35
3392629.0,15235015.0,4.491,33,1959.9,7773.5,7046950.0,7,Mixto,Bella Vista,-0.5375,0.02
3382856.0,10170845.0,3.007,14,2971.7,3422.6,16716360.0,6,Mixto,San Francisco,0.6436,0.1175
3026690.0,9946174.0,3.286,16,3578.9,2779.1,17729280.0,5,Residencial,Santa Ana,0.7825,0.1558
1228125.0,2089323.0,1.701,34,2494.3,837.7,10351744.0,6,Residencial,Casco Antiguo,3.9546,0.35
1520015.0,5699875.0,3.75,5,1748.6,3259.6,8439494.0,5,Residencial,Casco Antiguo,0.4806,0.1358
3020660.0,6433150.0,2.13,9,1826.7,3521.7,7653527.0,3,Comercial,Miraflores,0.1897,0.0727
1300489.0,5454462.0,4.194,24,2873.8,1898.0,14849061.0,6,Residencial,Santa Ana,1.7224,0.2438
825767.0,1746842.0,2.115,12,311.9,5600.5,1444658.0,7,Residencial,Miraflores,-0.173,0.02
2072900.0,4295180.0,2.072,16,2592.5,1656.8,9702458.0,5,Comercial,Santa Ana,1.2589,0.26
3294418.0,5302857.0,1.61,5,1615.3,3282.8,5790491.0,7,Comercial,Santa Ana,0.092,0.0228
2521216.0,7352372.0,2.916,24,3238.5,2270.3,16205915.0,4,Hotel/Boutique,San Francisco,1.2042,0.3316
2115597.0,6758324.0,3.195,32,644.1,10493.2,3979012.0,5,Residencial,Miraflores,-0.4112,0.02
592908.0,1006240.0,1.697,41,2476.3,406.3,10735120.0,6,Residencial,San Francisco,9.6685,0.35
2260323.0,8649314.0,3.827,41,2079.6,4159.1,11685063.0,5,Residencial,Santa Ana,0.351,0.0406
3467973.0,9917941.0,2.86,16,2676.6,3705.4,14382955.0,7,Hotel/Boutique,Casco Antiguo,0.4502,0.1176
731071.0,2246705.0,3.073,41,540.0,4160.9,3387769.0,3,Residencial,Santa Ana,0.5079,0.1464
1949021.0,5500700.0,2.822,32,2445.9,2248.9,14453640.0,5,Hotel/Boutique,San Francisco,1.6276,0.35
3105141.0,8390990.0,2.702,19,2377.5,3529.3,12053408.0,6,Mixto,Miraflores,0.4365,0.0991
2665275.0,8472698.0,3.179,10,2374.4,3568.3,12746483.0,4,Hotel/Boutique,Miraflores,0.5044,0.1549
2524391.0,4962247.0,1.966,24,2532.9,1959.1,15614533.0,3,Mixto,San Francisco,2.1467,0.35
2541999.0,5200381.0,2.046,18,2802.9,1855.3,12664799.0,4,Residencial,Miraflores,1.4354,0.35
1437562.0,5872952.0,4.085,6,3278.5,1791.4,14026634.0,5,Mixto,Bella Vista,1.3883,0.2674
1225366.0,5316061.0,4.338,13,1298.3,4094.5,4200998.0,7,Hotel/Boutique,Casco Antiguo,-0.2098,0.02
2886143.0,7561487.0,2.62,41,3352.7,2255.4,19873425.0,7,Comercial,Casco Antiguo,1.6282,0.2579
2888565.0,6679039.0,2.312,24,2143.5,3115.9,12525246.0,6,Mixto,Casco Antiguo,0.8753,0.1513
3071973.0,10543007.0,3.432,30,585.1,18018.7,2074059.0,7,Mixto,Miraflores,-0.8033,0.02
3220635.0,8780102.0,2.726,33,516.6,16994.7,2636731.0,3,Residencial,Miraflores,-0.6997,0.02
1926523.0,3036506.0,1.576,5,1536.7,1976.0,7270256.0,7,Hotel/Boutique,Santa Ana,1.3943,0.2289
1894882.0,3729996.0,1.968,39,3204.1,1164.1,11508362.0,6,Mixto,Santa Ana,2.0854,0.35
2850510.0,10398425.0,3.648,10,2918.4,3563.0,18782583.0,5,Mixto,Casco Antiguo,0.8063,0.1781
2372884.0,8249976.0,3.477,41,3217.9,2563.8,12577054.0,5,Mixto,Bella Vista,0.5245,0.0847
2540333.0,4016999.0,1.581,9,2213.9,1814.4,7575669.0,7,Mixto,Santa Ana,0.8859,0.1189
2842452.0,6156515.0,2.166,37,1928.7,3192.0,9958058.0,4,Comercial,Santa Ana,0.6175,0.1628
3145817.0,6899483.0,2.193,18,845.6,8159.5,4767568.0,5,Hotel/Boutique,Miraflores,-0.309,0.02
1368344.0,4810659.0,3.516,16,1514.3,3176.8,5007930.0,7,Residencial,Bella Vista,0.041,0.02
1489377.0,2322135.0,1.559,24,1905.9,1218.4,10241713.0,6,Residencial,Casco Antiguo,3.4105,0.35
582622.0,1055901.0,1.812,28,627.8,1681.8,3111837.0,7,Comercial,Santa Ana,1.9471,0.2858
2142062.0,8353503.0,3.9,38,1116.3,7483.4,3952440.0,5,Hotel/Boutique,Bella Vista,-0.5269,0.02
395734.0,805570.0,2.036,29,2513.4,320.5,9473958.0,6,Mixto,Bella Vista,10.7606,0.35
1779226.0,6152986.0,3.458,33,3022.0,2036.1,15334345.0,7,Comercial,Casco Antiguo,1.4922,0.2178
2027316.0,4489589.0,2.215,43,3993.9,1124.1,16686375.0,3,Hotel/Boutique,Bella Vista,2.7167,0.35
1202663.0,2162778.0,1.798,35,3752.5,576.4,23627520.0,6,Mixto,Bella Vista,9.9246,0.35
2182483.0,4865882.0,2.23,27,2677.5,1817.3,15802132.0,3,Comercial,Bella Vista,2.2475,0.35
378211.0,1386824.0,3.667,42,1858.6,746.2,11980226.0,4,Hotel/Boutique,Santa Ana,7.6386,0.35
400261.0,1627898.0,4.067,24,2653.9,613.4,10766466.0,6,Residencial,Casco Antiguo,5.6137,0.35
2928774.0,11687739.0,3.991,27,3206.9,3644.5,20524512.0,3,Residencial,Bella Vista,0.7561,0.2482
1439814.0,3875332.0,2.692,20,737.8,5252.2,3411105.0,5,Hotel/Boutique,Bella Vista,-0.1198,0.02
689135.0,2414905.0,3.504,12,1816.6,1329.3,7896628.0,5,Residencial,Santa Ana,2.27,0.35
1961623.0,4148741.0,2.115,25,3407.3,1217.6,11469388.0,4,Hotel/Boutique,Casco Antiguo,1.7645,0.35
2759379.0,6565786.0,2.379,5,1720.2,3816.9,5804109.0,6,Mixto,Miraflores,-0.116,0.02
974944.0,4084046.0,4.189,12,2415.9,1690.5,13248069.0,6,Hotel/Boutique,Santa Ana,2.2439,0.35
2285707.0,3517717.0,1.539,33,2474.7,1421.4,11658941.0,6,Mixto,Casco Antiguo,2.3143,0.35
554819.0,974553.0,1.757,36,982.6,991.8,3878685.0,4,Comercial,Bella Vista,2.98,0.35
446415.0,948033.0,2.124,42,1640.3,578.0,8572224.0,6,Hotel/Boutique,Casco Antiguo,8.0421,0.35
1990962.0,3144917.0,1.58,9,1537.7,2045.2,6203713.0,5,Comercial,Casco Antiguo,0.9726,0.2685
2020845.0,4131226.0,2.044,26,396.9,10408.0,2026787.0,3,Residencial,Casco Antiguo,-0.5094,0.02
2332524.0,7578662.0,3.249,38,389.5,19456.9,1708151.0,5,Mixto,Miraflores,-0.7746,0.02
2618014.0,7236907.0,2.764,5,3377.3,2142.8,19985800.0,5,Hotel/Boutique,Casco Antiguo,1.7616,0.35
3422244.0,14298186.0,4.178,30,1310.4,10911.6,7742008.0,3,Comercial,Miraflores,-0.4585,0.02
1942487.0,7677351.0,3.952,14,2216.9,3463.1,10586225.0,5,Mixto,Bella Vista,0.3789,0.0364
1319920.0,3333394.0,2.525,34,1405.3,2372.0,6123813.0,4,Mixto,Miraflores,0.8371,0.2209
2840500.0,6471426.0,2.278,22,3780.5,1711.8,16620827.0,3,Residencial,Bella Vista,1.5683,0.35
1152080.0,3040428.0,2.639,21,1259.4,2414.2,7378634.0,5,Residencial,Bella Vista,1.4268,0.2708
1693488.0,5539204.0,3.271,30,1889.7,2931.2,8093700.0,7,Mixto,Miraflores,0.4612,0.0846
532630.0,1227280.0,2.304,12,3529.1,347.8,13727839.0,5,Mixto,Santa Ana,10.1856,0.35
361629.0,1219576.0,3.372,44,3415.2,357.1,11882932.0,4,Hotel/Boutique,San Francisco,8.7435,0.35
3379728.0,9220692.0,2.728,16,988.6,9327.3,4685933.0,6,Mixto,Casco Antiguo,-0.4918,0.02
2971856.0,9379598.0,3.156,31,3269.8,2868.6,15665635.0,5,Hotel/Boutique,San Francisco,0.6702,0.1404
2521037.0,7080029.0,2.808,12,1995.3,3548.4,11921864.0,6,Mixto,Casco Antiguo,0.6839,0.1306
1596828.0,3805877.0,2.383,29,2087.0,1823.6,8202033.0,7,Residencial,Casco Antiguo,1.1551,0.1887
838008.0,3641445.0,4.345,8,793.9,4586.9,3538520.0,5,Hotel/Boutique,Bella Vista,-0.0283,0.0314
783727.0,2970967.0,3.791,37,598.2,4966.3,3510232.0,3,Comercial,Casco Antiguo,0.1815,0.0889
1085782.0,2085070.0,1.92,5,2993.4,696.6,17714670.0,6,Residencial,Casco Antiguo,7.496,0.35
2048510.0,8409960.0,4.105,23,2136.9,3935.6,9550297.0,7,Hotel/Boutique,Miraflores,0.1356,0.036
2580999.0,7645676.0,2.962,35,1916.3,3989.7,9035788.0,3,Hotel/Boutique,San Francisco,0.1818,0.0827
2405836.0,10065190.0,4.184,20,2999.2,3356.0,12599088.0,3,Comercial,Miraflores,0.2517,0.1045
1181387.0,4606897.0,3.9,18,3132.4,1470.7,19663411.0,3,Hotel/Boutique,Casco Antiguo,3.2683,0.35
3354666.0,9311347.0,2.776,9,888.0,10486.2,3189131.0,3,Mixto,Bella Vista,-0.6575,0.02
2656028.0,4163079.0,1.567,30,2557.8,1627.6,16066704.0,5,Comercial,Miraflores,2.8593,0.35
2065020.0,4762002.0,2.306,32,800.8,5946.5,4369828.0,5,Residencial,Miraflores,-0.0824,0.02
2249741.0,7030221.0,3.125,6,3080.1,2282.5,15259334.0,5,Residencial,Santa Ana,1.1705,0.2125
1631112.0,5546490.0,3.4,10,2730.7,2031.1,9032654.0,7,Mixto,Casco Antiguo,0.6285,0.1048
1077694.0,2450313.0,2.274,13,3839.5,638.2,18312247.0,7,Residencial,Bella Vista,6.4734,0.35
1426232.0,2735610.0,1.918,37,555.1,4927.7,2523448.0,7,Hotel/Boutique,Miraflores,-0.0776,0.02
2720264.0,10894090.0,4.005,29,511.1,21314.9,1907446.0,4,Hotel/Boutique,Miraflores,-0.8249,0.02
326347.0,1453291.0,4.453,17,1344.1,1081.2,7212603.0,7,Mixto,Bella Vista,3.9629,0.35
653754.0,2011647.0,3.077,13,1268.3,1586.1,8123276.0,5,Residencial,Casco Antiguo,3.0381,0.35
428129.0,862695.0,2.015,17,1213.8,710.7,6136139.0,5,Residencial,Santa Ana,6.1128,0.35
411147.0,952595.0,2.317,35,3653.1,260.8,20306668.0,4,Mixto,Miraflores,20.3172,0.35
3034583.0,4719299.0,1.555,15,1223.3,3857.8,4190959.0,4,Comercial,Santa Ana,-0.112,0.02
2545778.0,10801474.0,4.243,8,1306.2,8269.3,5980241.0,7,Residencial,San Francisco,-0.4463,0.02
1806840.0,3348532.0,1.853,38,3109.8,1076.8,11145376.0,6,Comercial,Casco Antiguo,2.3284,0.35
595026.0,1921666.0,3.23,42,1964.0,978.4,10256648.0,4,Residencial,San Francisco,4.3374,0.35
1863003.0,4326202.0,2.322,8,3173.8,1363.1,19985573.0,3,Residencial,San Francisco,3.6197,0.35
1804579.0,5707043.0,3.163,42,541.9,10532.4,2917274.0,5,Residencial,San Francisco,-0.4888,0.02
837710.0,2893669.0,3.454,23,2104.0,1375.3,7266105.0,3,Residencial,Casco Antiguo,1.511,0.35
1677002.0,6689940.0,3.989,10,424.4,15764.4,1854667.0,5,Hotel/Boutique,Casco Antiguo,-0.7228,0.02
1563185.0,3312802.0,2.119,38,531.8,6229.2,2668226.0,5,Comercial,Bella Vista,-0.1946,0.02
2263037.0,3469208.0,1.533,22,3653.8,949.5,16553938.0,4,Comercial,Santa Ana,3.7717,0.35
2325002.0,4442280.0,1.911,17,815.2,5449.3,4851323.0,4,Residencial,Santa Ana,0.0921,0.02
425879.0,1788715.0,4.2,27,2270.0,788.0,13366444.0,3,Residencial,Bella Vista,6.4727,0.35
1486253.0,6125843.0,4.122,23,1821.1,3363.9,9504157.0,5,Comercial,Bella Vista,0.5515,0.1359
2295269.0,7556575.0,3.292,15,1585.2,4767.0,7026127.0,3,Hotel/Boutique,San Francisco,-0.0702,0.02
1900099.0,6273272.0,3.302,5,3629.4,1728.5,14672182.0,6,Mixto,Bella Vista,1.3388,0.2239
3037897.0,10617785.0,3.495,28,380.7,27886.8,1351416.0,3,Mixto,Miraflores,-0.8727,0.02
2400993.0,4864686.0,2.026,11,2756.0,1765.1,12047019.0,7,Comercial,Santa Ana,1.4764,0.2345
804649.0,3414315.0,4.243,29,3864.6,883.5,17635798.0,3,Residencial,Bella Vista,4.1653,0.35
507231.0,1398088.0,2.756,25,2372.6,589.3,12883851.0,7,Residencial,Miraflores,8.2153,0.35
2348590.0,6222391.0,2.649,19,3766.2,1652.1,20231985.0,7,Hotel/Boutique,Miraflores,2.2515,0.35
365366.0,1116835.0,3.057,5,493.4,2263.8,1692874.0,7,Mixto,Miraflores,0.5158,0.0721
2166197.0,3554509.0,1.641,16,1849.5,1921.8,8330965.0,6,Hotel/Boutique,Miraflores,1.3438,0.2553
3307541.0,6611279.0,1.999,11,1262.6,5236.3,4797655.0,3,Mixto,San Francisco,-0.2743,0.02
2133027.0,7922277.0,3.714,19,3004.0,2637.2,11167455.0,3,Comercial,Miraflores,0.4096,0.1641
1529907.0,2674884.0,1.748,25,3930.8,680.5,23310021.0,6,Mixto,San Francisco,7.7144,0.35
2351388.0,7781816.0,3.309,23,1249.2,6229.6,4170100.0,5,Hotel/Boutique,San Francisco,-0.4641,0.02
1755574.0,3925547.0,2.236,33,2720.4,1443.0,12468630.0,4,Hotel/Boutique,Miraflores,2.1763,0.35
2036886.0,5434182.0,2.668,29,1033.0,5260.8,3878844.0,3,Hotel/Boutique,Santa Ana,-0.2862,0.02
3311517.0,7835317.0,2.366,37,2391.7,3276.0,14593784.0,4,Comercial,Miraflores,0.8626,0.2246
1523250.0,3910212.0,2.567,36,2016.6,1939.1,10159851.0,6,Mixto,Miraflores,1.5983,0.2505
3375034.0,12342963.0,3.657,39,3896.4,3167.8,15443678.0,5,Mixto,Miraflores,0.2512,0.0594
3195229.0,7640959.0,2.391,42,2551.6,2994.6,12395460.0,5,Hotel/Boutique,Santa Ana,0.6222,0.1481
910447.0,2912716.0,3.199,30,1593.2,1828.2,8943925.0,5,Mixto,Casco Antiguo,2.0706,0.35
503343.0,1473866.0,2.928,15,722.2,2040.9,4594194.0,6,Residencial,Casco Antiguo,2.1171,0.3489
604505.0,2110336.0,3.491,39,859.6,2455.0,3376107.0,7,Residencial,San Francisco,0.5998,0.0842
338674.0,1459852.0,4.31,12,1133.7,1287.7,6943065.0,7,Residencial,San Francisco,3.756,0.35
584106.0,2159860.0,3.698,18,1228.6,1758.0,7719397.0,4,Mixto,Santa Ana,2.574,0.35
2479282.0,5317616.0,2.145,14,3447.3,1542.6,21456514.0,7,Comercial,Bella Vista,3.035,0.35
509227.0,811479.0,1.594,6,2376.5,341.5,12588134.0,7,Comercial,Casco Antiguo,14.5126,0.35
1307102.0,2989069.0,2.287,13,2236.5,1336.5,11805405.0,5,Comercial,San Francisco,2.9495,0.35
3000499.0,9857339.0,3.285,7,724.6,13603.0,3283072.0,5,Comercial,Casco Antiguo,-0.6669,0.02
354936.0,587162.0,1.654,25,3482.5,168.6,19790840.0,4,Residencial,Santa Ana,32.7059,0.35
2902589.0,8676124.0,2.989,30,2974.4,2916.9,14733071.0,3,Residencial,Santa Ana,0.6981,0.2191
1187572.0,3907741.0,3.291,12,550.4,7100.2,2991577.0,4,Hotel/Boutique,Bella Vista,-0.2344,0.02
660491.0,1653031.0,2.503,6,2919.0,566.3,13467960.0,4,Mixto,Bella Vista,7.1474,0.35
2523494.0,9621417.0,3.813,10,2311.1,4163.1,12974325.0,6,Mixto,Santa Ana,0.3485,0.0209
2305196.0,4194984.0,1.82,32,602.4,6964.0,3566567.0,6,Comercial,San Francisco,-0.1498,0.02
3105460.0,5358202.0,1.725,33,1995.7,2684.9,7350687.0,4,Residencial,Casco Antiguo,0.3719,0.1206
2646929.0,9752784.0,3.685,30,2093.4,4658.9,12452801.0,4,Comercial,Miraflores,0.2768,0.0722
2867209.0,8562844.0,2.986,29,913.4,9375.0,4551282.0,4,Hotel/Boutique,Bella Vista,-0.4685,0.02
1188151.0,4236006.0,3.565,16,3799.1,1115.0,22746621.0,7,Mixto,Miraflores,4.3698,0.35
851355.0,2387611.0,2.804,9,3444.9,693.1,15926832.0,6,Mixto,San Francisco,5.6706,0.35
2696980.0,6039093.0,2.239,38,2775.4,2175.9,12352766.0,4,Comercial,Bella Vista,1.0455,0.2751
2878008.0,11389161.0,3.957,41,2010.5,5664.9,12504668.0,5,Hotel/Boutique,Miraflores,0.0979,0.0391
3469427.0,13524684.0,3.898,19,1823.5,7416.7,7346755.0,5,Mixto,San Francisco,-0.4568,0.02
1608629.0,5765470.0,3.584,40,2708.6,2128.6,16213422.0,7,Hotel/Boutique,Casco Antiguo,1.8122,0.2798
1477898.0,3423456.0,2.316,19,2318.1,1476.8,11120537.0,7,Hotel/Boutique,San Francisco,2.2483,0.325
2780050.0,9092686.0,3.271,27,530.4,17142.7,2597163.0,3,Comercial,Bella Vista,-0.7144,0.02
1377387.0,3557684.0,2.583,10,2196.3,1619.9,9263704.0,3,Residencial,Santa Ana,1.6039,0.35
3277039.0,5815912.0,1.775,25,3283.7,1771.1,16717412.0,3,Comercial,Casco Antiguo,1.8744,0.35
3044089.0,12943286.0,4.252,27,1999.2,6474.3,8542922.0,7,Residencial,Miraflores,-0.34,0.02
1661361.0,3173956.0,1.91,20,492.2,6448.0,1638955.0,7,Hotel/Boutique,Bella Vista,-0.4836,0.02
2697805.0,11737372.0,4.351,19,3209.2,3657.4,13150123.0,7,Residencial,Santa Ana,0.1204,0.02
2709628.0,7689971.0,2.838,29,1045.0,7358.5,3366146.0,5,Hotel/Boutique,San Francisco,-0.5623,0.02
612059.0,1258025.0,2.055,40,1256.9,1000.9,8080052.0,7,Mixto,Santa Ana,5.4228,0.35
3186220.0,9959178.0,3.126,15,909.4,10951.2,5808393.0,5,Mixto,Bella Vista,-0.4168,0.02
1906913.0,7854263.0,4.119,19,1521.8,5161.2,6854187.0,3,Mixto,Bella Vista,-0.1273,0.02
2941193.0,10872634.0,3.697,8,3100.0,3507.3,17371125.0,3,Comercial,Santa Ana,0.5977,0.206
1310560.0,5136979.0,3.92,25,2221.7,2312.2,9644876.0,3,Comercial,San Francisco,0.8775,0.3011
3163585.0,10997728.0,3.476,17,1058.1,10394.2,5728983.0,4,Hotel/Boutique,Santa Ana,-0.4791,0.02
1533229.0,5484100.0,3.577,26,3548.0,1545.7,20783729.0,4,Mixto,Bella Vista,2.7898,0.35
314897.0,1274574.0,4.048,23,3554.5,358.6,22479411.0,6,Comercial,Bella Vista,16.6368,0.35
3195330.0,7186310.0,2.249,38,3521.1,2040.9,15918020.0,6,Mixto,Miraflores,1.215,0.2478
573943.0,1703621.0,2.968,18,1183.5,1439.4,6846675.0,6,Comercial,Miraflores,3.0189,0.35
1308190.0,2830437.0,2.164,8,1969.6,1437.1,8031111.0,4,Residencial,Casco Antiguo,1.8374,0.35
3339200.0,14902861.0,4.463,31,3944.5,3778.2,25513159.0,4,Residencial,Bella Vista,0.712,0.1527
3340955.0,14473612.0,4.332,33,3156.4,4585.4,10369051.0,6,Mixto,Miraflores,-0.2836,0.02
2126470.0,3441225.0,1.618,32,400.5,8591.9,2079355.0,6,Hotel/Boutique,Santa Ana,-0.3958,0.02
2314516.0,8370968.0,3.617,39,541.3,15465.8,2909998.0,7,Comercial,San Francisco,-0.6524,0.02
1723995.0,7371361.0,4.276,12,2016.5,3655.4,11031617.0,6,Comercial,Santa Ana,0.4966,0.0837
1224139.0,2499356.0,2.042,20,3664.1,682.1,13180843.0,7,Residencial,San Francisco,4.2737,0.35
1338300.0,4287693.0,3.204,40,2293.2,1869.7,14440599.0,5,Residencial,Miraflores,2.3679,0.35
2445509.0,10384770.0,4.246,34,2141.9,4848.4,8134756.0,4,Hotel/Boutique,Casco Antiguo,-0.2167,0.02
2702646.0,4329201.0,1.602,22,690.3,6271.9,3627337.0,6,Hotel/Boutique,Santa Ana,-0.1621,0.02
2828885.0,10162091.0,3.592,6,2730.1,3722.3,10742429.0,4,Hotel/Boutique,Santa Ana,0.0571,0.0316
2822570.0,6751721.0,2.392,17,3341.8,2020.4,14081647.0,4,Mixto,Santa Ana,1.0856,0.2614
573684.0,2451458.0,4.273,8,1707.6,1435.7,8543428.0,4,Residencial,San Francisco,2.485,0.35
1872033.0,8261610.0,4.413,30,3169.8,2606.4,14507180.0,5,Mixto,Miraflores,0.756,0.1632
465339.0,2016221.0,4.333,29,3868.6,521.2,14424885.0,3,Residencial,Santa Ana,6.1544,0.35
2049483.0,5989906.0,2.923,34,1053.9,5683.4,3967110.0,6,Residencial,Santa Ana,-0.3377,0.02
1701728.0,6953479.0,4.086,15,2236.3,3109.3,10242071.0,3,Comercial,Casco Antiguo,0.4729,0.1719
3138407.0,12659232.0,4.034,11,1362.4,9291.8,7764423.0,3,Residencial,Casco Antiguo,-0.3867,0.02
1409946.0,3464663.0,2.457,35,3233.6,1071.5,19929355.0,3,Residencial,Miraflores,4.7522,0.35
656956.0,2619116.0,3.987,14,2437.1,1074.7,8475295.0,4,Mixto,Miraflores,2.2359,0.35
740433.0,1192855.0,1.611,43,2648.0,450.5,11908497.0,7,Residencial,Bella Vista,8.9832,0.35
2732064.0,8985239.0,3.289,17,3252.3,2762.7,11483192.0,4,Mixto,Casco Antiguo,0.278,0.0782
2270662.0,4972810.0,2.19,35,1765.1,2817.3,5744938.0,4,Hotel/Boutique,Bella Vista,0.1553,0.0411
605615.0,1127474.0,1.862,11,3685.8,305.9,19843316.0,3,Residencial,San Francisco,16.5998,0.35
550824.0,953399.0,1.731,40,2272.2,419.6,11788398.0,4,Residencial,Bella Vista,11.3646,0.35
2537121.0,9105387.0,3.589,24,884.4,10295.2,3305977.0,3,Mixto,Santa Ana,-0.6369,0.02
514297.0,1295835.0,2.52,8,2874.8,450.8,11417611.0,7,Hotel/Boutique,Bella Vista,7.811,0.35
2926389.0,10752433.0,3.674,11,3235.1,3323.7,10605312.0,6,Comercial,Miraflores,-0.0137,0.0427
2554100.0,4331930.0,1.696,5,1472.0,2942.9,8766348.0,3,Hotel/Boutique,San Francisco,1.0237,0.35
541943.0,1325523.0,2.446,17,3471.6,381.8,22275213.0,7,Mixto,Santa Ana,15.8048,0.35
553177.0,1725069.0,3.118,26,3652.7,472.3,13321567.0,6,Hotel/Boutique,Bella Vista,6.7223,0.35
3456979.0,13386010.0,3.872,25,1324.5,10106.1,5250328.0,5,Mixto,San Francisco,-0.6078,0.02
1485152.0,3647916.0,2.456,26,3939.0,926.1,23893174.0,3,Mixto,San Francisco,5.5498,0.35
1473468.0,4976894.0,3.378,32,820.6,6064.7,5134970.0,3,Comercial,Santa Ana,0.0318,0.0276
2897215.0,12046425.0,4.158,13,1047.5,11500.6,4802354.0,5,Residencial,Bella Vista,-0.6013,0.02
3330140.0,11147943.0,3.348,30,981.6,11356.5,3305208.0,5,Mixto,San Francisco,-0.7035,0.02
3454923.0,7596957.0,2.199,13,3607.8,2105.7,12013822.0,3,Mixto,San Francisco,0.5814,0.2066
2705878.0,4256893.0,1.573,19,2720.9,1564.5,13860269.0,5,Comercial,Casco Antiguo,2.256,0.35
1491556.0,6130737.0,4.11,14,862.8,7105.7,3879563.0,4,Mixto,San Francisco,-0.3672,0.02
548872.0,858331.0,1.564,28,1929.2,444.9,6355841.0,6,Residencial,Casco Antiguo,6.4049,0.35
2782413.0,11474964.0,4.124,12,2576.6,4453.5,13204401.0,6,Comercial,Bella Vista,0.1507,0.0232
2078062.0,6414585.0,3.087,28,608.8,10536.1,1970923.0,6,Residencial,Bella Vista,-0.6927,0.02
1645995.0,7106094.0,4.317,20,3564.9,1993.3,20670693.0,4,Residencial,Bella Vista,1.9089,0.35
3198461.0,12462323.0,3.896,30,3273.3,3807.2,13784753.0,5,Comercial,Miraflores,0.1061,0.042
638056.0,2867297.0,4.494,31,2169.3,1321.8,7229838.0,7,Mixto,Bella Vista,1.5215,0.2164
1866253.0,4762930.0,2.552,41,3878.4,1228.1,19940873.0,5,Residencial,San Francisco,3.1867,0.35
316559.0,1203419.0,3.802,8,1845.7,652.0,8328531.0,3,Residencial,Santa Ana,5.9207,0.35
1789087.0,4840899.0,2.706,28,3941.2,1228.3,25277102.0,6,Residencial,Casco Antiguo,4.2216,0.35
461297.0,1356040.0,2.94,23,2771.3,489.3,13845035.0,5,Residencial,Miraflores,9.2099,0.35
662594.0,2241234.0,3.383,40,2648.3,846.3,10879916.0,7,Comercial,Bella Vista,3.8544,0.35
658435.0,2713429.0,4.121,43,914.0,2968.6,5064793.0,3,Comercial,Bella Vista,0.8666,0.285
2370457.0,10553869.0,4.452,14,3563.1,2962.0,14594319.0,4,Hotel/Boutique,Santa Ana,0.3828,0.1034
2682265.0,10205534.0,3.805,29,1881.7,5423.5,11636511.0,4,Hotel/Boutique,Santa Ana,0.1402,0.0241
2158447.0,5942854.0,2.753,22,900.3,6601.2,3994094.0,7,Residencial,Miraflores,-0.3279,0.02
3378196.0,9337573.0,2.764,23,346.6,26936.8,1738288.0,3,Mixto,Casco Antiguo,-0.8138,0.02
1487083.0,5521164.0,3.713,40,2371.1,2328.5,7983222.0,6,Residencial,Bella Vista,0.4459,0.0688
1199993.0,2659582.0,2.216,14,2251.4,1181.3,10370300.0,5,Mixto,Miraflores,2.8992,0.35
3076889.0,5635084.0,1.831,37,2961.6,1902.7,17612092.0,3,Residencial,San Francisco,2.1254,0.35
999979.0,2563812.0,2.564,9,3594.0,713.4,21055691.0,4,Hotel/Boutique,San Francisco,7.2127,0.35
3381577.0,7986327.0,2.362,39,593.8,13449.4,2339738.0,7,Hotel/Boutique,Miraflores,-0.707,0.02
319137.0,762395.0,2.389,38,3006.5,253.6,11863978.0,7,Mixto,Bella Vista,14.5615,0.35
3403010.0,7489423.0,2.201,37,993.4,7539.0,5858329.0,5,Residencial,Miraflores,-0.2178,0.02
418975.0,681370.0,1.626,25,3475.3,196.1,21790943.0,7,Mixto,Bella Vista,30.9811,0.35
3149481.0,4893102.0,1.554,21,3330.5,1469.2,11705802.0,7,Hotel/Boutique,Santa Ana,1.3923,0.2527
1979198.0,8833490.0,4.463,26,2300.9,3839.1,10780335.0,3,Residencial,Miraflores,0.2204,0.0787
3477347.0,9678566.0,2.783,41,2927.9,3305.6,12629780.0,6,Residencial,Bella Vista,0.3049,0.0328
517625.0,1373249.0,2.653,19,1463.1,938.6,8885776.0,5,Mixto,Miraflores,5.4706,0.35
2063411.0,7302291.0,3.539,39,2043.3,3573.7,7101833.0,3,Comercial,Miraflores,-0.0275,0.02
3401154.0,7328677.0,2.155,32,3340.1,2194.2,13015250.0,6,Mixto,Bella Vista,0.7759,0.1172
1964375.0,8544803.0,4.35,11,1999.3,4273.9,11362206.0,3,Hotel/Boutique,Bella Vista,0.3297,0.1425
2306664.0,8901496.0,3.859,36,1623.9,5481.7,5471201.0,3,Hotel/Boutique,Casco Antiguo,-0.3854,0.02
2520311.0,4456497.0,1.768,15,2128.6,2093.6,10271208.0,7,Hotel/Boutique,Miraflores,1.3048,0.218
1743622.0,4799743.0,2.753,14,3364.5,1426.6,15675152.0,6,Hotel/Boutique,San Francisco,2.2658,0.35
2300737.0,9518966.0,4.137,13,1540.3,6180.1,6628588.0,5,Hotel/Boutique,Miraflores,-0.3036,0.02
2161492.0,9368330.0,4.334,18,942.9,9935.5,4245100.0,5,Comercial,Miraflores,-0.5469,0.02
3181729.0,9234028.0,2.902,17,2934.5,3146.8,14522027.0,6,Residencial,Bella Vista,0.5727,0.0571
426337.0,1424067.0,3.34,29,3356.1,424.3,12526757.0,7,Mixto,Miraflores,7.7965,0.35
1184701.0,2370708.0,2.001,6,672.4,3526.0,3420683.0,4,Mixto,Miraflores,0.4429,0.125
3340325.0,14942963.0,4.474,39,1187.5,12583.2,6956488.0,3,Hotel/Boutique,San Francisco,-0.5345,0.02
3146649.0,6906943.0,2.195,11,825.3,8369.0,4711230.0,7,Mixto,Bella Vista,-0.3179,0.02
1747215.0,7562287.0,4.328,25,1587.4,4764.0,5885810.0,6,Hotel/Boutique,Miraflores,-0.2217,0.02
2276827.0,7852639.0,3.449,22,1966.3,3993.6,7260603.0,3,Comercial,Santa Ana,-0.0754,0.02
1173167.0,3898682.0,3.323,7,3070.7,1269.7,12543560.0,5,Comercial,Casco Antiguo,2.2174,0.35
885750.0,2690967.0,3.038,43,2709.2,993.3,11897780.0,4,Residencial,San Francisco,3.4214,0.35
1773109.0,3886671.0,2.192,15,2597.4,1496.3,11812887.0,5,Comercial,Miraflores,2.0393,0.35
1417794.0,2877533.0,2.03,43,1603.8,1794.2,8729416.0,6,Comercial,Santa Ana,2.0336,0.3484
2159373.0,4667395.0,2.161,28,3413.4,1367.4,11561192.0,3,Residencial,Miraflores,1.477,0.35
530306.0,1092066.0,2.059,23,2043.8,534.3,6773887.0,6,Mixto,Miraflores,5.2028,0.35
3417551.0,13119137.0,3.839,8,3922.7,3344.4,17625834.0,3,Hotel/Boutique,Bella Vista,0.3435,0.1243
3455599.0,8813075.0,2.55,30,2646.3,3330.3,14556487.0,7,Hotel/Boutique,Bella Vista,0.6517,0.0971
2528081.0,4230814.0,1.674,42,767.2,5514.8,2944693.0,4,Mixto,Bella Vista,-0.304,0.02
2006230.0,8842075.0,4.407,36,2801.9,3155.8,14897375.0,7,Residencial,Santa Ana,0.6848,0.0502
1276679.0,5299951.0,4.151,43,1502.9,3526.5,6097854.0,7,Mixto,Miraflores,0.1505,0.0401
2900420.0,12423244.0,4.283,40,2839.4,4375.3,17388790.0,6,Comercial,Casco Antiguo,0.3997,0.0945
2484834.0,11143795.0,4.485,44,557.7,19982.7,3432906.0,4,Residencial,San Francisco,-0.6919,0.02
803627.0,1624680.0,2.022,41,947.1,1715.5,3959709.0,3,Residencial,Bella Vista,1.4372,0.35
3213186.0,8639376.0,2.689,37,3466.2,2492.4,13722725.0,3,Residencial,Bella Vista,0.5884,0.176
2928570.0,11054518.0,3.775,40,1140.6,9692.1,5197898.0,5,Hotel/Boutique,Miraflores,-0.5298,0.02
3338356.0,11978227.0,3.588,7,3397.1,3526.1,13566991.0,3,Mixto,Miraflores,0.1326,0.0741
2616817.0,5133377.0,1.962,13,1333.3,3850.1,7225092.0,6,Residencial,Santa Ana,0.4075,0.0531
2255197.0,8902388.0,3.947,12,2678.7,3323.4,15873793.0,7,Residencial,Santa Ana,0.7831,0.1074
1626743.0,3535435.0,2.173,37,2868.4,1232.6,15549949.0,7,Residencial,Bella Vista,3.3983,0.35
3283386.0,7129717.0,2.171,10,2196.8,3245.5,13005973.0,7,Mixto,Miraflores,0.8242,0.1272
3068726.0,9546570.0,3.111,43,1429.6,6677.6,6447825.0,4,Hotel/Boutique,Casco Antiguo,-0.3246,0.02
425604.0,1395479.0,3.279,8,1086.8,1284.0,4038323.0,3,Comercial,San Francisco,1.8939,0.35
364902.0,1182376.0,3.24,17,422.8,2796.5,2382582.0,6,Hotel/Boutique,Miraflores,1.0151,0.1977
1492212.0,2647871.0,1.774,6,1424.6,1858.7,6253383.0,4,Residencial,Miraflores,1.3617,0.3499
2889982.0,11942510.0,4.132,9,2716.7,4396.0,14711469.0,5,Hotel/Boutique,Santa Ana,0.2319,0.0289
3459029.0,7944699.0,2.297,31,3771.7,2106.4,15438153.0,6,Hotel/Boutique,San Francisco,0.9432,0.1882
764342.0,1443495.0,1.889,36,3523.5,409.7,12219551.0,6,Comercial,Bella Vista,7.4653,0.35
2193101.0,9136994.0,4.166,25,3134.4,2915.0,20297127.0,6,Mixto,Miraflores,1.2214,0.1789
1506469.0,6578680.0,4.367,12,3217.3,2044.8,11953599.0,7,Mixto,Bella Vista,0.817,0.094
3403124.0,13906469.0,4.086,42,2760.4,5037.8,17837408.0,6,Hotel/Boutique,Miraflores,0.2827,0.0565
2991623.0,11752735.0,3.929,12,1263.1,9305.0,8115199.0,3,Hotel/Boutique,Bella Vista,-0.3095,0.02
2979418.0,10325848.0,3.466,7,3656.6,2823.9,21280074.0,6,Mixto,San Francisco,1.0609,0.1581
1789192.0,5640557.0,3.153,7,2781.7,2027.7,14954737.0,7,Mixto,Santa Ana,1.6513,0.2188
1615719.0,2845217.0,1.761,26,2373.6,1198.7,12121568.0,6,Comercial,San Francisco,3.2603,0.35
1160371.0,3162428.0,2.725,10,710.7,4450.0,4305281.0,5,Residencial,Casco Antiguo,0.3614,0.0606
461529.0,1208313.0,2.618,6,1954.1,618.3,8119602.0,5,Hotel/Boutique,Santa Ana,5.7198,0.35
3064406.0,6984582.0,2.279,27,2003.3,3486.5,9502470.0,7,Mixto,San Francisco,0.3605,0.0333
2897541.0,10634731.0,3.67,6,3498.9,3039.5,18348109.0,3,Hotel/Boutique,Casco Antiguo,0.7253,0.2862
3499091.0,10453979.0,2.988,42,2322.6,4501.0,10583915.0,3,Hotel/Boutique,Miraflores,0.0124,0.0257
3489171.0,6082108.0,1.743,21,1707.5,3562.0,7872696.0,4,Mixto,Miraflores,0.2944,0.0894
2068490.0,4469075.0,2.161,39,3914.2,1141.8,16791514.0,7,Comercial,Bella Vista,2.7573,0.35
2756139.0,9783679.0,3.55,38,709.7,13786.3,3592305.0,6,Hotel/Boutique,Santa Ana,-0.6328,0.02
3322146.0,5741972.0,1.728,27,1863.4,3081.4,11193425.0,7,Comercial,Miraflores,0.9494,0.1571
3015865.0,12225171.0,4.054,34,455.5,26839.5,1760494.0,4,Mixto,Santa Ana,-0.856,0.02
1076461.0,3213709.0,2.985,12,3037.6,1058.0,19087436.0,7,Residencial,Miraflores,4.9394,0.35
1730752.0,5091457.0,2.942,26,3696.9,1377.2,20236699.0,7,Residencial,Bella Vista,2.9746,0.35
695893.0,2280598.0,3.277,40,1336.1,1706.9,7905664.0,4,Hotel/Boutique,San Francisco,2.4665,0.35
3352044.0,13321168.0,3.974,9,3475.9,3832.5,17502468.0,3,Mixto,Bella Vista,0.3139,0.0871
2231882.0,5676631.0,2.543,17,1381.2,4109.9,7972889.0,6,Comercial,Casco Antiguo,0.4045,0.1014
1016230.0,3591405.0,3.534,33,3669.8,978.6,11939714.0,4,Hotel/Boutique,Miraflores,2.3245,0.35
2442876.0,7810354.0,3.197,35,3089.7,2527.9,18231013.0,5,Mixto,Casco Antiguo,1.3342,0.2861
2270373.0,5224321.0,2.301,20,3278.2,1593.7,10924315.0,3,Mixto,Casco Antiguo,1.091,0.35
1433284.0,5927905.0,4.136,34,366.6,16168.9,2249868.0,5,Comercial,Santa Ana,-0.6205,0.02
645655.0,2513071.0,3.892,20,3862.4,650.7,25003147.0,3,Hotel/Boutique,Miraflores,8.9492,0.35
2442466.0,8488437.0,3.475,16,2988.7,2840.2,12464070.0,6,Mixto,Casco Antiguo,0.4684,0.0915
1955391.0,7922745.0,4.052,21,1427.6,5549.8,5559066.0,6,Mixto,San Francisco,-0.2983,0.02
2766865.0,11349356.0,4.102,20,3368.8,3369.0,19288508.0,7,Mixto,Casco Antiguo,0.6995,0.1104
1954926.0,7086782.0,3.625,16,1341.6,5282.2,5413453.0,5,Comercial,San Francisco,-0.2361,0.02
3024024.0,12129483.0,4.011,12,3529.2,3436.9,21374026.0,3,Hotel/Boutique,Santa Ana,0.7622,0.263
2057140.0,7390099.0,3.592,24,716.5,10313.5,2536134.0,6,Hotel/Boutique,Casco Antiguo,-0.6568,0.02
2086220.0,7386101.0,3.54,7,2903.6,2543.7,10498545.0,4,Hotel/Boutique,Bella Vista,0.4214,0.1037
3102825.0,10412565.0,3.356,20,2300.6,4526.1,14795518.0,6,Hotel/Boutique,Santa Ana,0.4209,0.0705
1579215.0,5934926.0,3.758,34,657.2,9030.9,3564313.0,4,Residencial,San Francisco,-0.3994,0.02
711529.0,1405850.0,1.976,27,1195.0,1176.4,7163743.0,3,Residencial,Santa Ana,4.0957,0.35
372680.0,1543870.0,4.143,32,345.9,4463.4,1477071.0,6,Hotel/Boutique,Casco Antiguo,-0.0433,0.02
2711542.0,11159434.0,4.116,44,2034.4,5485.3,11051892.0,6,Comercial,Miraflores,-0.0096,0.02
2277397.0,3615918.0,1.588,9,1414.7,2556.0,7301168.0,3,Residencial,Miraflores,1.0192,0.334
2547137.0,10131110.0,3.977,24,2513.9,4030.0,13048253.0,6,Mixto,San Francisco,0.2879,0.0335
965745.0,1821983.0,1.887,44,1399.8,1301.6,7632100.0,4,Residencial,San Francisco,3.1889,0.35
719116.0,1801642.0,2.505,5,1409.7,1278.0,7187620.0,6,Mixto,Miraflores,2.9895,0.35
326834.0,1219262.0,3.731,34,3049.8,399.8,14077658.0,5,Hotel/Boutique,San Francisco,10.5461,0.35
1408892.0,2792818.0,1.982,25,478.1,5841.1,1965369.0,7,Residencial,Santa Ana,-0.2963,0.02
2179535.0,8617666.0,3.954,24,3640.7,2367.0,20884280.0,4,Comercial,Bella Vista,1.4234,0.35
1543026.0,6166552.0,3.996,10,3453.4,1785.7,13629437.0,5,Residencial,Bella Vista,1.2102,0.2225
1688669.0,5103839.0,3.022,26,2770.9,1842.0,15197623.0,3,Residencial,Santa Ana,1.9777,0.35
3191391.0,4848226.0,1.519,22,2494.9,1943.2,9904827.0,4,Residencial,Bella Vista,1.043,0.2553
1401383.0,3308825.0,2.361,12,3601.5,918.7,18956919.0,7,Hotel/Boutique,Casco Antiguo,4.7292,0.35
1935046.0,6483915.0,3.351,43,985.7,6577.8,5584466.0,7,Comercial,Santa Ana,-0.1387,0.02
2803363.0,12456906.0,4.444,36,592.2,21035.5,2322409.0,3,Residencial,San Francisco,-0.8136,0.02
1556868.0,5286252.0,3.395,37,1186.2,4456.5,4030444.0,3,Comercial,Santa Ana,-0.2376,0.02
2283119.0,5204166.0,2.279,20,3239.9,1606.3,11768152.0,4,Hotel/Boutique,Miraflores,1.2613,0.35
3056811.0,10399324.0,3.402,16,428.3,24281.6,2226966.0,6,Mixto,San Francisco,-0.7859,0.02
3337456.0,10412718.0,3.12,42,2456.4,4239.0,14746106.0,3,Residencial,Miraflores,0.4162,0.1317
753577.0,2893385.0,3.84,38,3983.1,726.4,13337432.0,6,Comercial,San Francisco,3.6096,0.35
3263612.0,5942848.0,1.821,18,3466.1,1714.6,19488700.0,5,Comercial,Bella Vista,2.2794,0.35
1864614.0,7053993.0,3.783,40,2229.3,3164.1,9644948.0,7,Hotel/Boutique,Santa Ana,0.3673,0.0819
1111547.0,3472250.0,3.124,37,535.5,6484.5,2559095.0,6,Residencial,Casco Antiguo,-0.263,0.02
1758417.0,7717651.0,4.389,27,3376.1,2286.0,21151952.0,7,Mixto,San Francisco,1.7407,0.2565
3435705.0,8677273.0,2.526,6,2516.2,3448.5,10808440.0,6,Comercial,San Francisco,0.2456,0.0336
1866230.0,6341200.0,3.398,25,725.3,8743.4,3434512.0,5,Residencial,Miraflores,-0.4584,0.02
1338580.0,5750653.0,4.296,6,647.3,8884.4,2100496.0,3,Mixto,Bella Vista,-0.6347,0.02
2319551.0,4192656.0,1.808,31,3665.6,1143.8,12717044.0,5,Comercial,Miraflores,2.0332,0.35
1053269.0,4541364.0,4.312,13,2776.0,1635.9,11252272.0,3,Comercial,Miraflores,1.4777,0.35
524280.0,1868354.0,3.564,5,3368.4,554.7,11088350.0,3,Mixto,Bella Vista,4.9348,0.35
694993.0,1183928.0,1.704,15,3552.2,333.3,18768302.0,7,Mixto,Casco Antiguo,14.8526,0.35
692308.0,1663539.0,2.403,7,2415.6,688.7,11128751.0,5,Hotel/Boutique,Miraflores,5.6898,0.35
769127.0,2787712.0,3.625,27,2214.6,1258.8,11092421.0,6,Residencial,Miraflores,2.979,0.35
727023.0,1237432.0,1.702,30,1892.6,653.8,7147023.0,5,Residencial,San Francisco,4.7757,0.35
2343617.0,7608578.0,3.247,8,1472.7,5166.4,6150853.0,7,Hotel/Boutique,Bella Vista,-0.1916,0.02
865654.0,2196726.0,2.538,22,1908.0,1151.3,10285332.0,3,Comercial,Santa Ana,3.6821,0.35
1393049.0,4684470.0,3.363,10,3163.4,1480.9,20199598.0,7,Mixto,Casco Antiguo,3.312,0.35
3167659.0,5186173.0,1.637,39,2527.1,2052.2,8507223.0,4,Mixto,Casco Antiguo,0.6404,0.1828
1806156.0,7431630.0,4.115,26,3602.3,2063.0,22112106.0,4,Mixto,Bella Vista,1.9754,0.35
2429536.0,10739683.0,4.42,19,1940.5,5534.5,9903776.0,6,Comercial,San Francisco,-0.0778,0.02
834870.0,3678966.0,4.407,26,2546.2,1444.9,12886311.0,7,Mixto,San Francisco,2.5027,0.3319
899171.0,3370951.0,3.749,41,2635.8,1278.9,12786237.0,6,Mixto,Bella Vista,2.7931,0.35
411597.0,778025.0,1.89,16,2489.3,312.6,8535741.0,6,Hotel/Boutique,San Francisco,9.971,0.35
